<?xml version="1.0" encoding="UTF-8"?>
<GenRun Id="synth_1" LaunchPart="xc7a100tcsg324-1" LaunchTime="1762184940" LaunchIncrCheckpoint="$PSRCDIR/utils_1/imports/synth_1/design_microblaze_wrapper.dcp">
  <File Type="PA-TCL" Name="design_microblaze_wrapper.tcl"/>
  <File Type="REPORTS-TCL" Name="design_microblaze_wrapper_reports.tcl"/>
  <File Type="RDS-RDS" Name="design_microblaze_wrapper.vds"/>
  <File Type="RDS-PROPCONSTRS" Name="design_microblaze_wrapper_drc_synth.rpt"/>
  <File Type="RDS-UTIL" Name="design_microblaze_wrapper_utilization_synth.rpt"/>
  <File Type="RDS-UTIL-PB" Name="design_microblaze_wrapper_utilization_synth.pb"/>
  <File Type="RDS-DCP" Name="design_microblaze_wrapper.dcp"/>
  <File Type="VDS-TIMINGSUMMARY" Name="design_microblaze_wrapper_timing_summary_synth.rpt"/>
  <File Type="VDS-TIMING-PB" Name="design_microblaze_wrapper_timing_summary_synth.pb"/>
  <FileSet Name="sources" Type="DesignSrcs" RelSrcDir="$PSRCDIR/sources_1" RelGenDir="$PGENDIR/sources_1">
    <Filter Type="Srcs"/>
    <File Path="$PSRCDIR/sources_1/bd/design_microblaze/design_microblaze.bd">
      <FileInfo>
        <Attr Name="UsedIn" Val="synthesis"/>
        <Attr Name="UsedIn" Val="implementation"/>
        <Attr Name="UsedIn" Val="simulation"/>
      </FileInfo>
    </File>
    <File Path="$PGENDIR/sources_1/bd/design_microblaze/hdl/design_microblaze_wrapper.v">
      <FileInfo>
        <Attr Name="UsedIn" Val="synthesis"/>
        <Attr Name="UsedIn" Val="implementation"/>
        <Attr Name="UsedIn" Val="simulation"/>
      </FileInfo>
    </File>
    <Config>
      <Option Name="DesignMode" Val="RTL"/>
      <Option Name="TopModule" Val="design_microblaze_wrapper"/>
      <Option Name="TopAutoSet" Val="TRUE"/>
    </Config>
  </FileSet>
  <FileSet Name="constrs_in" Type="Constrs" RelSrcDir="$PSRCDIR/constrs_1" RelGenDir="$PGENDIR/constrs_1">
    <Filter Type="Constrs"/>
    <File Path="$PSRCDIR/constrs_1/new/nexys_a7_constraints.xdc">
      <FileInfo>
        <Attr Name="UsedIn" Val="synthesis"/>
        <Attr Name="UsedIn" Val="implementation"/>
      </FileInfo>
    </File>
    <Config>
      <Option Name="ConstrsType" Val="XDC"/>
    </Config>
  </FileSet>
  <FileSet Name="utils" Type="Utils" RelSrcDir="$PSRCDIR/utils_1" RelGenDir="$PGENDIR/utils_1">
    <Filter Type="Utils"/>
    <File Path="$PSRCDIR/utils_1/imports/synth_1/design_microblaze_wrapper.dcp">
      <FileInfo>
        <Attr Name="UsedIn" Val="synthesis"/>
        <Attr Name="UsedIn" Val="implementation"/>
        <Attr Name="UsedInSteps" Val="synth_1"/>
        <Attr Name="AutoDcp" Val="1"/>
      </FileInfo>
    </File>
    <Config>
      <Option Name="TopAutoSet" Val="TRUE"/>
    </Config>
  </FileSet>
  <Strategy Version="1" Minor="2">
    <StratHandle Name="Vivado Synthesis Defaults" Flow="Vivado Synthesis 2024"/>
    <Step Id="synth_design"/>
  </Strategy>
  <BlockFileSet Type="BlockSrcs" Name="design_microblaze_microblaze_0_0"/>
  <BlockFileSet Type="BlockSrcs" Name="design_microblaze_microblaze_0_axi_periph_imp_xbar_0"/>
  <BlockFileSet Type="BlockSrcs" Name="design_microblaze_dlmb_bram_if_cntlr_0"/>
  <BlockFileSet Type="BlockSrcs" Name="design_microblaze_lmb_bram_0"/>
  <BlockFileSet Type="BlockSrcs" Name="design_microblaze_axi_uartlite_0_0"/>
  <BlockFileSet Type="BlockSrcs" Name="design_microblaze_microblaze_0_axi_intc_0"/>
  <BlockFileSet Type="BlockSrcs" Name="design_microblaze_dlmb_v10_0"/>
  <BlockFileSet Type="BlockSrcs" Name="design_microblaze_mdm_1_0"/>
  <BlockFileSet Type="BlockSrcs" Name="design_microblaze_clk_wiz_1_0"/>
  <BlockFileSet Type="BlockSrcs" Name="design_microblaze_ilmb_bram_if_cntlr_0"/>
  <BlockFileSet Type="BlockSrcs" Name="design_microblaze_rst_clk_wiz_1_100M_0"/>
</GenRun>
