<?xml version="1.0" encoding="UTF-8"?>
<GenRun Id="impl_1" LaunchPart="xc7a100tcsg324-1" LaunchTime="1760021707">
  <File Type="PA-TCL" Name="led_blink.tcl"/>
  <File Type="REPORTS-TCL" Name="led_blink_reports.tcl"/>
  <File Type="INIT-TIMING" Name="led_blink_timing_summary_init.rpt"/>
  <File Type="OPT-DCP" Name="led_blink_opt.dcp"/>
  <File Type="OPT-DRC" Name="led_blink_drc_opted.rpt"/>
  <File Type="OPT-UTIL" Name="led_blink_utilization_opted.rpt"/>
  <File Type="OPT-UTIL-PB" Name="led_blink_utilization_opted.pb"/>
  <File Type="OPT-METHODOLOGY-DRC" Name="led_blink_methodology_drc_opted.rpt"/>
  <File Type="OPT-HWDEF" Name="led_blink.hwdef"/>
  <File Type="OPT-TIMING" Name="led_blink_timing_summary_opted.rpt"/>
  <File Type="OPT-RQA-PB" Name="led_blink_rqa_opted.pb"/>
  <File Type="PWROPT-DCP" Name="led_blink_pwropt.dcp"/>
  <File Type="PWROPT-DRC" Name="led_blink_drc_pwropted.rpt"/>
  <File Type="PWROPT-TIMING" Name="led_blink_timing_summary_pwropted.rpt"/>
  <File Type="PLACE-DCP" Name="led_blink_placed.dcp"/>
  <File Type="PLACE-IO" Name="led_blink_io_placed.rpt"/>
  <File Type="PLACE-CLK" Name="led_blink_clock_utilization_placed.rpt"/>
  <File Type="PLACE-UTIL" Name="led_blink_utilization_placed.rpt"/>
  <File Type="PLACE-UTIL-PB" Name="led_blink_utilization_placed.pb"/>
  <File Type="PLACE-CTRL" Name="led_blink_control_sets_placed.rpt"/>
  <File Type="PLACE-SIMILARITY" Name="led_blink_incremental_reuse_placed.rpt"/>
  <File Type="PLACE-PRE-SIMILARITY" Name="led_blink_incremental_reuse_pre_placed.rpt"/>
  <File Type="PLACE-TIMING" Name="led_blink_timing_summary_placed.rpt"/>
  <File Type="PLACE-RQA-PB" Name="led_blink_rqa_placed.pb"/>
  <File Type="POSTPLACE-PWROPT-DCP" Name="led_blink_postplace_pwropt.dcp"/>
  <File Type="POSTPLACE-PWROPT-TIMING" Name="led_blink_timing_summary_postplace_pwropted.rpt"/>
  <File Type="PHYSOPT-DCP" Name="led_blink_physopt.dcp"/>
  <File Type="PHYSOPT-DRC" Name="led_blink_drc_physopted.rpt"/>
  <File Type="PHYSOPT-TIMING" Name="led_blink_timing_summary_physopted.rpt"/>
  <File Type="ROUTE-ERROR-DCP" Name="led_blink_routed_error.dcp"/>
  <File Type="ROUTE-DCP" Name="led_blink_routed.dcp"/>
  <File Type="ROUTE-BLACKBOX-DCP" Name="led_blink_routed_bb.dcp"/>
  <File Type="ROUTE-UTIL" Name="led_blink_utilization_routed.rpt"/>
  <File Type="ROUTE-UTIL-PB" Name="led_blink_utilization_routed.pb"/>
  <File Type="ROUTE-DRC" Name="led_blink_drc_routed.rpt"/>
  <File Type="ROUTE-DRC-PB" Name="led_blink_drc_routed.pb"/>
  <File Type="ROUTE-DRC-RPX" Name="led_blink_drc_routed.rpx"/>
  <File Type="ROUTE-METHODOLOGY-DRC" Name="led_blink_methodology_drc_routed.rpt"/>
  <File Type="ROUTE-METHODOLOGY-DRC-RPX" Name="led_blink_methodology_drc_routed.rpx"/>
  <File Type="ROUTE-METHODOLOGY-DRC-PB" Name="led_blink_methodology_drc_routed.pb"/>
  <File Type="ROUTE-PWR" Name="led_blink_power_routed.rpt"/>
  <File Type="ROUTE-PWR-SUM" Name="led_blink_power_summary_routed.pb"/>
  <File Type="ROUTE-PWR-RPX" Name="led_blink_power_routed.rpx"/>
  <File Type="ROUTE-STATUS" Name="led_blink_route_status.rpt"/>
  <File Type="ROUTE-STATUS-PB" Name="led_blink_route_status.pb"/>
  <File Type="ROUTE-TIMINGSUMMARY" Name="led_blink_timing_summary_routed.rpt"/>
  <File Type="ROUTE-TIMING-PB" Name="led_blink_timing_summary_routed.pb"/>
  <File Type="ROUTE-TIMING-RPX" Name="led_blink_timing_summary_routed.rpx"/>
  <File Type="ROUTE-SIMILARITY" Name="led_blink_incremental_reuse_routed.rpt"/>
  <File Type="ROUTE-CLK" Name="led_blink_clock_utilization_routed.rpt"/>
  <File Type="ROUTE-BUS-SKEW" Name="led_blink_bus_skew_routed.rpt"/>
  <File Type="ROUTE-BUS-SKEW-PB" Name="led_blink_bus_skew_routed.pb"/>
  <File Type="ROUTE-BUS-SKEW-RPX" Name="led_blink_bus_skew_routed.rpx"/>
  <File Type="ROUTE-RQS-PB" Name="led_blink_rqs_routed.pb"/>
  <File Type="POSTROUTE-PHYSOPT-DCP" Name="led_blink_postroute_physopt.dcp"/>
  <File Type="POSTROUTE-PHYSOPT-BLACKBOX-DCP" Name="led_blink_postroute_physopt_bb.dcp"/>
  <File Type="POSTROUTE-PHYSOPT-TIMING" Name="led_blink_timing_summary_postroute_physopted.rpt"/>
  <File Type="POSTROUTE-PHYSOPT-TIMING-PB" Name="led_blink_timing_summary_postroute_physopted.pb"/>
  <File Type="POSTROUTE-PHYSOPT-TIMING-RPX" Name="led_blink_timing_summary_postroute_physopted.rpx"/>
  <File Type="POSTROUTE-PHYSOPT-BUS-SKEW" Name="led_blink_bus_skew_postroute_physopted.rpt"/>
  <File Type="POSTROUTE-PHYSOPT-BUS-SKEW-PB" Name="led_blink_bus_skew_postroute_physopted.pb"/>
  <File Type="POSTROUTE-PHYSOPT-BUS-SKEW-RPX" Name="led_blink_bus_skew_postroute_physopted.rpx"/>
  <File Type="BG-BIT" Name="led_blink.bit"/>
  <File Type="BG-BIN" Name="led_blink.bin"/>
  <File Type="BITSTR-MSK" Name="led_blink.msk"/>
  <File Type="BITSTR-RBT" Name="led_blink.rbt"/>
  <File Type="BITSTR-NKY" Name="led_blink.nky"/>
  <File Type="BITSTR-BMM" Name="led_blink_bd.bmm"/>
  <File Type="BITSTR-MMI" Name="led_blink.mmi"/>
  <File Type="PDI-FILE" Name="led_blink.pdi"/>
  <File Type="BOOT-PDI-FILE" Name="led_blink_boot.pdi"/>
  <File Type="PL-PDI-FILE" Name="led_blink_pld.pdi"/>
  <File Type="RCFI_FILE" Name="led_blink.rcfi"/>
  <File Type="CFI_FILE" Name="led_blink.cfi"/>
  <File Type="RNPI_FILE" Name="led_blink.rnpi"/>
  <File Type="RCDO-FILE" Name="led_blink.rcdo"/>
  <File Type="MARKER-RNPI-FILE" Name="led_blink_markers.rnpi"/>
  <File Type="MARKER-RCDO-FILE" Name="led_blink_markers.rcdo"/>
  <File Type="BOOT_RNPI_FILE" Name="led_blink_boot.rnpi"/>
  <File Type="BOOT_MARKER_RNPI_FILE" Name="led_blink_boot_markers.rnpi"/>
  <File Type="PL_RNPI_FILE" Name="led_blink_pld.rnpi"/>
  <File Type="PL_MARKER_RNPI_FILE" Name="led_blink_pld_markers.rnpi"/>
  <File Type="PL_MASK_RNPI_FILE" Name="led_blink_pld_mask.rnpi"/>
  <File Type="PL_SHUTDOWN_RNPI_FILE" Name="led_blink_pld_shutdown.rnpi"/>
  <File Type="PL_UNMASK_RNPI_FILE" Name="led_blink_pld_unmask.rnpi"/>
  <File Type="PL-RCDO-FILE" Name="led_blink_pld.rcdo"/>
  <File Type="PL-CLEAR-RCDO-FILE" Name="led_blink_pld_clear.rcdo"/>
  <File Type="PL_MARKER_RCDO_FILE" Name="led_blink_pld_markers.rcdo"/>
  <File Type="PL_MASK_RCDO_FILE" Name="led_blink_pld_mask.rcdo"/>
  <File Type="PL_UNMASK_MARKER_RCDO_FILE" Name="led_blink_pld_unmask_markers.rcdo"/>
  <File Type="PL_UNMASK_RCDO_FILE" Name="led_blink_pld_unmask.rcdo"/>
  <File Type="NPI_FILE" Name="led_blink.npi"/>
  <File Type="RBD_FILE" Name="led_blink.rbd"/>
  <File Type="MMI-FILE" Name="led_blink.mmi"/>
  <File Type="BIF-FILE" Name="led_blink.bif"/>
  <File Type="BOOT-BIF-FILE" Name="led_blink_boot.bif"/>
  <File Type="PL-BIF-FILE" Name="led_blink_pld.bif"/>
  <File Type="LTX-FILE" Name="led_blink.ltx"/>
  <File Type="BOOT-LTX-FILE" Name="led_blink_boot.ltx"/>
  <File Type="PL-LTX-FILE" Name="led_blink_pld.ltx"/>
  <File Type="BITSTR-LTX" Name="debug_nets.ltx"/>
  <File Type="BITSTR-LTX" Name="led_blink.ltx"/>
  <File Type="BITSTR-SYSDEF" Name="led_blink.sysdef"/>
  <File Type="BG-BGN" Name="led_blink.bgn"/>
  <File Type="BG-DRC" Name="led_blink.drc"/>
  <File Type="RDI-RDI" Name="led_blink.vdi"/>
  <File Type="WBT-USG" Name="usage_statistics_webtalk.html"/>
  <File Type="ROUTE-RQS" Name="led_blink_routed.rqs"/>
  <File Type="POSTROUTE-PHYSOPT-RQS" Name="led_blink_postroute_physopted.rqs"/>
  <File Type="ROUTE-RQS-RPT" Name="route_report_qor_suggestions_0.rpt"/>
  <File Type="POSTROUTE-PHYSOPT-RQS-RPT" Name="postroute_physopt_report_qor_suggestions_0.rpt"/>
  <FileSet Name="sources" Type="DesignSrcs" RelSrcDir="$PSRCDIR/sources_1" RelGenDir="$PGENDIR/sources_1">
    <Filter Type="Srcs"/>
    <File Path="$PSRCDIR/sources_1/new/led_blink_2.v">
      <FileInfo SFType="VHDL">
        <Attr Name="UsedIn" Val="synthesis"/>
        <Attr Name="UsedIn" Val="simulation"/>
      </FileInfo>
    </File>
    <File Path="$PSRCDIR/sources_1/new/led_blink_try.v">
      <FileInfo SFType="VHDL">
        <Attr Name="AutoDisabled" Val="1"/>
        <Attr Name="UsedIn" Val="synthesis"/>
        <Attr Name="UsedIn" Val="simulation"/>
      </FileInfo>
    </File>
    <File Path="$PSRCDIR/sources_1/new/led_blink_1.v">
      <FileInfo SFType="VHDL">
        <Attr Name="AutoDisabled" Val="1"/>
        <Attr Name="UsedIn" Val="synthesis"/>
        <Attr Name="UsedIn" Val="simulation"/>
      </FileInfo>
    </File>
    <Config>
      <Option Name="DesignMode" Val="RTL"/>
      <Option Name="TopModule" Val="led_blink"/>
      <Option Name="TopAutoSet" Val="TRUE"/>
    </Config>
  </FileSet>
  <FileSet Name="constrs_in" Type="Constrs" RelSrcDir="$PSRCDIR/constrs_1" RelGenDir="$PGENDIR/constrs_1">
    <Filter Type="Constrs"/>
    <File Path="$PSRCDIR/constrs_1/new/led_blink_try.xdc">
      <FileInfo>
        <Attr Name="UsedIn" Val="synthesis"/>
        <Attr Name="UsedIn" Val="implementation"/>
      </FileInfo>
    </File>
    <Config>
      <Option Name="ConstrsType" Val="XDC"/>
    </Config>
  </FileSet>
  <FileSet Name="utils" Type="Utils" RelSrcDir="$PSRCDIR/utils_1" RelGenDir="$PGENDIR/utils_1">
    <Filter Type="Utils"/>
    <File Path="$PSRCDIR/utils_1/imports/synth_1/led_blink.dcp">
      <FileInfo>
        <Attr Name="UsedIn" Val="synthesis"/>
        <Attr Name="UsedIn" Val="implementation"/>
        <Attr Name="UsedInSteps" Val="synth_1"/>
        <Attr Name="AutoDcp" Val="1"/>
      </FileInfo>
    </File>
    <Config>
      <Option Name="TopAutoSet" Val="TRUE"/>
    </Config>
  </FileSet>
  <Strategy Version="1" Minor="2">
    <StratHandle Name="Vivado Implementation Defaults" Flow="Vivado Implementation 2025"/>
    <Step Id="init_design"/>
    <Step Id="opt_design"/>
    <Step Id="power_opt_design"/>
    <Step Id="place_design"/>
    <Step Id="post_place_power_opt_design"/>
    <Step Id="phys_opt_design"/>
    <Step Id="route_design"/>
    <Step Id="post_route_phys_opt_design"/>
    <Step Id="write_bitstream"/>
  </Strategy>
</GenRun>
