{
  "version": "0.2.0",
  "configurations": [
    {
      "type": "tcf-debug",
      "request": "launch",
      "name": "hello_world_app_hw_1",
      "debugType": "baremetal-fpga",
      "attachToRunningTargetOptions": {
        "targetSetupMode": "standalone",
        "executeScript": true,
        "scriptPath": ""
      },
      "autoAttachProcessChildren": false,
      "target": {
        "targetConnectionId": "Local",
        "peersIniPath": "../../_ide/.peers.ini",
        "context": "fpga"
      },
      "pathMap": [],
      "targetSetup": {
        "resetSystem": true,
        "programDevice": true,
        "bitstreamFile": "${workspaceFolder}\\hello_world\\_ide\\bitstream\\design_1_wrapper3.bit",
        "downloadElf": [
          {
            "core": "microblaze_0",
            "resetProcessor": true,
            "elfFile": "${workspaceFolder}\\hello_world\\build\\hello_world.elf",
            "stopAtEntry": false
          }
        ]
      },
      "internalConsoleOptions": "openOnSessionStart"
    }
  ]
}