<?xml version="1.0" encoding="UTF-8"?>
<GenRun Id="synth_1" LaunchPart="xc7a100tcsg324-1" LaunchTime="1761233487" LaunchIncrCheckpoint="$PSRCDIR/utils_1/imports/synth_1/control_logic.dcp">
  <File Type="PA-TCL" Name="UART_Counter_wrapper.tcl"/>
  <File Type="REPORTS-TCL" Name="UART_Counter_wrapper_reports.tcl"/>
  <File Type="RDS-RDS" Name="UART_Counter_wrapper.vds"/>
  <File Type="RDS-PROPCONSTRS" Name="UART_Counter_wrapper_drc_synth.rpt"/>
  <File Type="RDS-UTIL" Name="UART_Counter_wrapper_utilization_synth.rpt"/>
  <File Type="RDS-UTIL-PB" Name="UART_Counter_wrapper_utilization_synth.pb"/>
  <File Type="RDS-DCP" Name="UART_Counter_wrapper.dcp"/>
  <File Type="VDS-TIMINGSUMMARY" Name="UART_Counter_wrapper_timing_summary_synth.rpt"/>
  <File Type="VDS-TIMING-PB" Name="UART_Counter_wrapper_timing_summary_synth.pb"/>
  <FileSet Name="sources" Type="DesignSrcs" RelSrcDir="$PSRCDIR/sources_1" RelGenDir="$PGENDIR/sources_1">
    <Filter Type="Srcs"/>
    <File Path="$PSRCDIR/sources_1/new/control_logic.vhd">
      <FileInfo>
        <Attr Name="UsedIn" Val="synthesis"/>
        <Attr Name="UsedIn" Val="simulation"/>
      </FileInfo>
    </File>
    <File Path="$PSRCDIR/sources_1/bd/UART_Counter/UART_Counter.bd">
      <FileInfo>
        <Attr Name="UsedIn" Val="synthesis"/>
        <Attr Name="UsedIn" Val="implementation"/>
        <Attr Name="UsedIn" Val="simulation"/>
      </FileInfo>
    </File>
    <File Path="$PSRCDIR/sources_1/imports/hdl/UART_Counter_wrapper.v">
      <FileInfo>
        <Attr Name="ImportPath" Val="$PGENDIR/sources_1/bd/UART_Counter/hdl/UART_Counter_wrapper.v"/>
        <Attr Name="ImportTime" Val="1761213439"/>
        <Attr Name="UsedIn" Val="synthesis"/>
        <Attr Name="UsedIn" Val="implementation"/>
        <Attr Name="UsedIn" Val="simulation"/>
      </FileInfo>
    </File>
    <File Path="$PSRCDIR/sources_1/ip/uart_ila/uart_ila.xci">
      <FileInfo>
        <Attr Name="AutoDisabled" Val="1"/>
        <Attr Name="UsedIn" Val="synthesis"/>
        <Attr Name="UsedIn" Val="implementation"/>
        <Attr Name="UsedIn" Val="simulation"/>
      </FileInfo>
    </File>
    <Config>
      <Option Name="DesignMode" Val="RTL"/>
      <Option Name="TopModule" Val="UART_Counter_wrapper"/>
      <Option Name="TopAutoSet" Val="TRUE"/>
    </Config>
  </FileSet>
  <FileSet Name="constrs_in" Type="Constrs" RelSrcDir="$PSRCDIR/constrs_1" RelGenDir="$PGENDIR/constrs_1">
    <Filter Type="Constrs"/>
    <File Path="$PSRCDIR/constrs_1/new/nexys_a7_100t.xdc">
      <FileInfo>
        <Attr Name="UsedIn" Val="synthesis"/>
        <Attr Name="UsedIn" Val="implementation"/>
      </FileInfo>
    </File>
    <Config>
      <Option Name="TargetConstrsFile" Val="$PSRCDIR/constrs_1/new/nexys_a7_100t.xdc"/>
      <Option Name="ConstrsType" Val="XDC"/>
    </Config>
  </FileSet>
  <FileSet Name="utils" Type="Utils" RelSrcDir="$PSRCDIR/utils_1" RelGenDir="$PGENDIR/utils_1">
    <Filter Type="Utils"/>
    <File Path="$PSRCDIR/utils_1/imports/synth_1/control_logic.dcp">
      <FileInfo>
        <Attr Name="UsedIn" Val="synthesis"/>
        <Attr Name="UsedIn" Val="implementation"/>
        <Attr Name="UsedInSteps" Val="synth_1"/>
        <Attr Name="AutoDcp" Val="1"/>
      </FileInfo>
    </File>
    <Config>
      <Option Name="TopAutoSet" Val="TRUE"/>
    </Config>
  </FileSet>
  <Strategy Version="1" Minor="2">
    <StratHandle Name="Vivado Synthesis Defaults" Flow="Vivado Synthesis 2025"/>
    <Step Id="synth_design"/>
  </Strategy>
  <BlockFileSet Type="BlockSrcs" Name="UART_Counter_axi_uartlite_0_0"/>
  <BlockFileSet Type="BlockSrcs" Name="UART_Counter_control_logic_0_0"/>
  <BlockFileSet Type="BlockSrcs" Name="UART_Counter_proc_sys_reset_0_0"/>
  <BlockFileSet Type="BlockSrcs" Name="UART_Counter_clk_wiz_0_0"/>
</GenRun>
