<?xml version="1.0"?>
<Runs Version="1" Minor="0">
	<Run Id="counter_4bit_0_synth_1" LaunchDir="D:/Advanced_Hardware_Eng_Team-C/Lab_3/UART_control/UART_control.runs/counter_4bit_0_synth_1" FlowId="Vivado_Synthesis" FromStepId="vivado" ToStepId="vivado"/>
	<Parameters>
		<Parameter Name="runs.monitorLSFJobs" Val="true" Type="bool"/>
		<Parameter Name="runs.enableClusterConf" Val="true" Type="bool"/>
		<Parameter Name="general.shortenLongPath" Val="true" Type="bool"/>
		<Parameter Name="general.usePosixSpawnForFork" Val="true" Type="bool"/>
	</Parameters>
	<ProductInfo Name="vivado"/>
</Runs>

