<?xml version="1.0"?>
<Runs Version="1" Minor="0">
	<Run Id="UART_Counter_axi_uartlite_0_0_synth_1" LaunchDir="D:/Advanced_Hardware_Eng_Team-C/Lab_3/UART_control/UART_control.runs/UART_Counter_axi_uartlite_0_0_synth_1" FlowId="Vivado_Synthesis" FromStepId="vivado" ToStepId="vivado"/>
	<Run Id="UART_Counter_proc_sys_reset_0_0_synth_1" LaunchDir="D:/Advanced_Hardware_Eng_Team-C/Lab_3/UART_control/UART_control.runs/UART_Counter_proc_sys_reset_0_0_synth_1" FlowId="Vivado_Synthesis" FromStepId="vivado" ToStepId="vivado"/>
	<Run Id="UART_Counter_clk_wiz_0_0_synth_1" LaunchDir="D:/Advanced_Hardware_Eng_Team-C/Lab_3/UART_control/UART_control.runs/UART_Counter_clk_wiz_0_0_synth_1" FlowId="Vivado_Synthesis" FromStepId="vivado" ToStepId="vivado"/>
	<Run Id="UART_Counter_control_logic_0_0_synth_1" LaunchDir="D:/Advanced_Hardware_Eng_Team-C/Lab_3/UART_control/UART_control.runs/UART_Counter_control_logic_0_0_synth_1" FlowId="Vivado_Synthesis" FromStepId="vivado" ToStepId="vivado"/>
	<Run Id="synth_1" LaunchDir="D:/Advanced_Hardware_Eng_Team-C/Lab_3/UART_control/UART_control.runs/synth_1" FlowId="Vivado_Synthesis" FromStepId="vivado" ToStepId="vivado">
		<Parent Id="UART_Counter_axi_uartlite_0_0_synth_1"/>
		<Parent Id="UART_Counter_proc_sys_reset_0_0_synth_1"/>
		<Parent Id="UART_Counter_clk_wiz_0_0_synth_1"/>
		<Parent Id="UART_Counter_control_logic_0_0_synth_1"/>
	</Run>
	<Parameters>
		<Parameter Name="runs.monitorLSFJobs" Val="true" Type="bool"/>
		<Parameter Name="runs.enableClusterConf" Val="true" Type="bool"/>
		<Parameter Name="general.shortenLongPath" Val="true" Type="bool"/>
		<Parameter Name="general.usePosixSpawnForFork" Val="true" Type="bool"/>
	</Parameters>
	<ProductInfo Name="vivado"/>
</Runs>

