<?xml version="1.0" encoding="UTF-8"?>
<GenRun Id="impl_1" LaunchPart="xc7a100tcsg324-1" LaunchTime="1761224958">
  <File Type="PA-TCL" Name="UART_Counter_wrapper.tcl"/>
  <File Type="REPORTS-TCL" Name="UART_Counter_wrapper_reports.tcl"/>
  <File Type="INIT-TIMING" Name="UART_Counter_wrapper_timing_summary_init.rpt"/>
  <File Type="OPT-DCP" Name="UART_Counter_wrapper_opt.dcp"/>
  <File Type="OPT-DRC" Name="UART_Counter_wrapper_drc_opted.rpt"/>
  <File Type="OPT-UTIL" Name="UART_Counter_wrapper_utilization_opted.rpt"/>
  <File Type="OPT-UTIL-PB" Name="UART_Counter_wrapper_utilization_opted.pb"/>
  <File Type="OPT-METHODOLOGY-DRC" Name="UART_Counter_wrapper_methodology_drc_opted.rpt"/>
  <File Type="OPT-HWDEF" Name="UART_Counter_wrapper.hwdef"/>
  <File Type="OPT-TIMING" Name="UART_Counter_wrapper_timing_summary_opted.rpt"/>
  <File Type="OPT-RQA-PB" Name="UART_Counter_wrapper_rqa_opted.pb"/>
  <File Type="PWROPT-DCP" Name="UART_Counter_wrapper_pwropt.dcp"/>
  <File Type="PWROPT-DRC" Name="UART_Counter_wrapper_drc_pwropted.rpt"/>
  <File Type="PWROPT-TIMING" Name="UART_Counter_wrapper_timing_summary_pwropted.rpt"/>
  <File Type="PLACE-DCP" Name="UART_Counter_wrapper_placed.dcp"/>
  <File Type="PLACE-IO" Name="UART_Counter_wrapper_io_placed.rpt"/>
  <File Type="PLACE-CLK" Name="UART_Counter_wrapper_clock_utilization_placed.rpt"/>
  <File Type="PLACE-UTIL" Name="UART_Counter_wrapper_utilization_placed.rpt"/>
  <File Type="PLACE-UTIL-PB" Name="UART_Counter_wrapper_utilization_placed.pb"/>
  <File Type="PLACE-CTRL" Name="UART_Counter_wrapper_control_sets_placed.rpt"/>
  <File Type="PLACE-SIMILARITY" Name="UART_Counter_wrapper_incremental_reuse_placed.rpt"/>
  <File Type="PLACE-PRE-SIMILARITY" Name="UART_Counter_wrapper_incremental_reuse_pre_placed.rpt"/>
  <File Type="PLACE-TIMING" Name="UART_Counter_wrapper_timing_summary_placed.rpt"/>
  <File Type="PLACE-RQA-PB" Name="UART_Counter_wrapper_rqa_placed.pb"/>
  <File Type="POSTPLACE-PWROPT-DCP" Name="UART_Counter_wrapper_postplace_pwropt.dcp"/>
  <File Type="POSTPLACE-PWROPT-TIMING" Name="UART_Counter_wrapper_timing_summary_postplace_pwropted.rpt"/>
  <File Type="PHYSOPT-DCP" Name="UART_Counter_wrapper_physopt.dcp"/>
  <File Type="PHYSOPT-DRC" Name="UART_Counter_wrapper_drc_physopted.rpt"/>
  <File Type="PHYSOPT-TIMING" Name="UART_Counter_wrapper_timing_summary_physopted.rpt"/>
  <File Type="ROUTE-ERROR-DCP" Name="UART_Counter_wrapper_routed_error.dcp"/>
  <File Type="ROUTE-DCP" Name="UART_Counter_wrapper_routed.dcp"/>
  <File Type="ROUTE-BLACKBOX-DCP" Name="UART_Counter_wrapper_routed_bb.dcp"/>
  <File Type="ROUTE-UTIL" Name="UART_Counter_wrapper_utilization_routed.rpt"/>
  <File Type="ROUTE-UTIL-PB" Name="UART_Counter_wrapper_utilization_routed.pb"/>
  <File Type="ROUTE-DRC" Name="UART_Counter_wrapper_drc_routed.rpt"/>
  <File Type="ROUTE-DRC-PB" Name="UART_Counter_wrapper_drc_routed.pb"/>
  <File Type="ROUTE-DRC-RPX" Name="UART_Counter_wrapper_drc_routed.rpx"/>
  <File Type="ROUTE-METHODOLOGY-DRC" Name="UART_Counter_wrapper_methodology_drc_routed.rpt"/>
  <File Type="ROUTE-METHODOLOGY-DRC-RPX" Name="UART_Counter_wrapper_methodology_drc_routed.rpx"/>
  <File Type="ROUTE-METHODOLOGY-DRC-PB" Name="UART_Counter_wrapper_methodology_drc_routed.pb"/>
  <File Type="ROUTE-PWR" Name="UART_Counter_wrapper_power_routed.rpt"/>
  <File Type="ROUTE-PWR-SUM" Name="UART_Counter_wrapper_power_summary_routed.pb"/>
  <File Type="ROUTE-PWR-RPX" Name="UART_Counter_wrapper_power_routed.rpx"/>
  <File Type="ROUTE-STATUS" Name="UART_Counter_wrapper_route_status.rpt"/>
  <File Type="ROUTE-STATUS-PB" Name="UART_Counter_wrapper_route_status.pb"/>
  <File Type="ROUTE-TIMINGSUMMARY" Name="UART_Counter_wrapper_timing_summary_routed.rpt"/>
  <File Type="ROUTE-TIMING-PB" Name="UART_Counter_wrapper_timing_summary_routed.pb"/>
  <File Type="ROUTE-TIMING-RPX" Name="UART_Counter_wrapper_timing_summary_routed.rpx"/>
  <File Type="ROUTE-SIMILARITY" Name="UART_Counter_wrapper_incremental_reuse_routed.rpt"/>
  <File Type="ROUTE-CLK" Name="UART_Counter_wrapper_clock_utilization_routed.rpt"/>
  <File Type="ROUTE-BUS-SKEW" Name="UART_Counter_wrapper_bus_skew_routed.rpt"/>
  <File Type="ROUTE-BUS-SKEW-PB" Name="UART_Counter_wrapper_bus_skew_routed.pb"/>
  <File Type="ROUTE-BUS-SKEW-RPX" Name="UART_Counter_wrapper_bus_skew_routed.rpx"/>
  <File Type="ROUTE-RQS-PB" Name="UART_Counter_wrapper_rqs_routed.pb"/>
  <File Type="POSTROUTE-PHYSOPT-DCP" Name="UART_Counter_wrapper_postroute_physopt.dcp"/>
  <File Type="POSTROUTE-PHYSOPT-BLACKBOX-DCP" Name="UART_Counter_wrapper_postroute_physopt_bb.dcp"/>
  <File Type="POSTROUTE-PHYSOPT-TIMING" Name="control_logic_timing_summary_postroute_physopted.rpt"/>
  <File Type="POSTROUTE-PHYSOPT-TIMING-PB" Name="control_logic_timing_summary_postroute_physopted.pb"/>
  <File Type="POSTROUTE-PHYSOPT-TIMING-RPX" Name="control_logic_timing_summary_postroute_physopted.rpx"/>
  <File Type="POSTROUTE-PHYSOPT-BUS-SKEW" Name="control_logic_bus_skew_postroute_physopted.rpt"/>
  <File Type="POSTROUTE-PHYSOPT-BUS-SKEW-PB" Name="control_logic_bus_skew_postroute_physopted.pb"/>
  <File Type="POSTROUTE-PHYSOPT-BUS-SKEW-RPX" Name="control_logic_bus_skew_postroute_physopted.rpx"/>
  <File Type="BG-BIT" Name="UART_Counter_wrapper.bit"/>
  <File Type="BG-BIN" Name="UART_Counter_wrapper.bin"/>
  <File Type="BITSTR-MSK" Name="UART_Counter_wrapper.msk"/>
  <File Type="BITSTR-RBT" Name="UART_Counter_wrapper.rbt"/>
  <File Type="BITSTR-NKY" Name="UART_Counter_wrapper.nky"/>
  <File Type="BITSTR-BMM" Name="UART_Counter_wrapper_bd.bmm"/>
  <File Type="BITSTR-MMI" Name="UART_Counter_wrapper.mmi"/>
  <File Type="PDI-FILE" Name="UART_Counter_wrapper.pdi"/>
  <File Type="BOOT-PDI-FILE" Name="UART_Counter_wrapper_boot.pdi"/>
  <File Type="PL-PDI-FILE" Name="UART_Counter_wrapper_pld.pdi"/>
  <File Type="RCFI_FILE" Name="UART_Counter_wrapper.rcfi"/>
  <File Type="CFI_FILE" Name="UART_Counter_wrapper.cfi"/>
  <File Type="RNPI_FILE" Name="UART_Counter_wrapper.rnpi"/>
  <File Type="RCDO-FILE" Name="UART_Counter_wrapper.rcdo"/>
  <File Type="MARKER-RNPI-FILE" Name="UART_Counter_wrapper_markers.rnpi"/>
  <File Type="MARKER-RCDO-FILE" Name="UART_Counter_wrapper_markers.rcdo"/>
  <File Type="BOOT_RNPI_FILE" Name="UART_Counter_wrapper_boot.rnpi"/>
  <File Type="BOOT_MARKER_RNPI_FILE" Name="UART_Counter_wrapper_boot_markers.rnpi"/>
  <File Type="PL_RNPI_FILE" Name="UART_Counter_wrapper_pld.rnpi"/>
  <File Type="PL_MARKER_RNPI_FILE" Name="UART_Counter_wrapper_pld_markers.rnpi"/>
  <File Type="PL_MASK_RNPI_FILE" Name="UART_Counter_wrapper_pld_mask.rnpi"/>
  <File Type="PL_SHUTDOWN_RNPI_FILE" Name="UART_Counter_wrapper_pld_shutdown.rnpi"/>
  <File Type="PL_UNMASK_RNPI_FILE" Name="UART_Counter_wrapper_pld_unmask.rnpi"/>
  <File Type="PL-RCDO-FILE" Name="UART_Counter_wrapper_pld.rcdo"/>
  <File Type="PL-CLEAR-RCDO-FILE" Name="UART_Counter_wrapper_pld_clear.rcdo"/>
  <File Type="PL_MARKER_RCDO_FILE" Name="UART_Counter_wrapper_pld_markers.rcdo"/>
  <File Type="PL_MASK_RCDO_FILE" Name="UART_Counter_wrapper_pld_mask.rcdo"/>
  <File Type="PL_UNMASK_MARKER_RCDO_FILE" Name="UART_Counter_wrapper_pld_unmask_markers.rcdo"/>
  <File Type="PL_UNMASK_RCDO_FILE" Name="UART_Counter_wrapper_pld_unmask.rcdo"/>
  <File Type="NPI_FILE" Name="UART_Counter_wrapper.npi"/>
  <File Type="RBD_FILE" Name="UART_Counter_wrapper.rbd"/>
  <File Type="MMI-FILE" Name="UART_Counter_wrapper.mmi"/>
  <File Type="BIF-FILE" Name="UART_Counter_wrapper.bif"/>
  <File Type="BOOT-BIF-FILE" Name="UART_Counter_wrapper_boot.bif"/>
  <File Type="PL-BIF-FILE" Name="UART_Counter_wrapper_pld.bif"/>
  <File Type="LTX-FILE" Name="UART_Counter_wrapper.ltx"/>
  <File Type="BOOT-LTX-FILE" Name="UART_Counter_wrapper_boot.ltx"/>
  <File Type="PL-LTX-FILE" Name="UART_Counter_wrapper_pld.ltx"/>
  <File Type="BITSTR-LTX" Name="debug_nets.ltx"/>
  <File Type="BITSTR-LTX" Name="UART_Counter_wrapper.ltx"/>
  <File Type="BITSTR-SYSDEF" Name="UART_Counter_wrapper.sysdef"/>
  <File Type="BG-BGN" Name="UART_Counter_wrapper.bgn"/>
  <File Type="BG-DRC" Name="UART_Counter_wrapper.drc"/>
  <File Type="RDI-RDI" Name="UART_Counter_wrapper.vdi"/>
  <File Type="WBT-USG" Name="usage_statistics_webtalk.html"/>
  <File Type="ROUTE-RQS" Name="UART_Counter_wrapper_routed.rqs"/>
  <File Type="POSTROUTE-PHYSOPT-RQS" Name="UART_Counter_wrapper_postroute_physopted.rqs"/>
  <File Type="ROUTE-RQS-RPT" Name="route_report_qor_suggestions_0.rpt"/>
  <File Type="POSTROUTE-PHYSOPT-RQS-RPT" Name="postroute_physopt_report_qor_suggestions_0.rpt"/>
  <FileSet Name="sources" Type="DesignSrcs" RelSrcDir="$PSRCDIR/sources_1" RelGenDir="$PGENDIR/sources_1">
    <Filter Type="Srcs"/>
    <File Path="$PSRCDIR/sources_1/new/control_logic.vhd">
      <FileInfo>
        <Attr Name="UsedIn" Val="synthesis"/>
        <Attr Name="UsedIn" Val="simulation"/>
      </FileInfo>
    </File>
    <File Path="$PSRCDIR/sources_1/bd/UART_Counter/UART_Counter.bd">
      <FileInfo>
        <Attr Name="UsedIn" Val="synthesis"/>
        <Attr Name="UsedIn" Val="implementation"/>
        <Attr Name="UsedIn" Val="simulation"/>
      </FileInfo>
    </File>
    <File Path="$PSRCDIR/sources_1/imports/hdl/UART_Counter_wrapper.v">
      <FileInfo>
        <Attr Name="ImportPath" Val="$PGENDIR/sources_1/bd/UART_Counter/hdl/UART_Counter_wrapper.v"/>
        <Attr Name="ImportTime" Val="1761213439"/>
        <Attr Name="UsedIn" Val="synthesis"/>
        <Attr Name="UsedIn" Val="implementation"/>
        <Attr Name="UsedIn" Val="simulation"/>
      </FileInfo>
    </File>
    <File Path="$PSRCDIR/sources_1/ip/uart_ila/uart_ila.xci">
      <FileInfo>
        <Attr Name="AutoDisabled" Val="1"/>
        <Attr Name="UsedIn" Val="synthesis"/>
        <Attr Name="UsedIn" Val="implementation"/>
        <Attr Name="UsedIn" Val="simulation"/>
      </FileInfo>
    </File>
    <Config>
      <Option Name="DesignMode" Val="RTL"/>
      <Option Name="TopModule" Val="UART_Counter_wrapper"/>
      <Option Name="TopAutoSet" Val="TRUE"/>
    </Config>
  </FileSet>
  <FileSet Name="constrs_in" Type="Constrs" RelSrcDir="$PSRCDIR/constrs_1" RelGenDir="$PGENDIR/constrs_1">
    <Filter Type="Constrs"/>
    <File Path="$PSRCDIR/constrs_1/new/nexys_a7_100t.xdc">
      <FileInfo>
        <Attr Name="UsedIn" Val="synthesis"/>
        <Attr Name="UsedIn" Val="implementation"/>
      </FileInfo>
    </File>
    <Config>
      <Option Name="TargetConstrsFile" Val="$PSRCDIR/constrs_1/new/nexys_a7_100t.xdc"/>
      <Option Name="ConstrsType" Val="XDC"/>
    </Config>
  </FileSet>
  <FileSet Name="utils" Type="Utils" RelSrcDir="$PSRCDIR/utils_1" RelGenDir="$PGENDIR/utils_1">
    <Filter Type="Utils"/>
    <File Path="$PSRCDIR/utils_1/imports/synth_1/control_logic.dcp">
      <FileInfo>
        <Attr Name="UsedIn" Val="synthesis"/>
        <Attr Name="UsedIn" Val="implementation"/>
        <Attr Name="UsedInSteps" Val="synth_1"/>
        <Attr Name="AutoDcp" Val="1"/>
      </FileInfo>
    </File>
    <Config>
      <Option Name="TopAutoSet" Val="TRUE"/>
    </Config>
  </FileSet>
  <Strategy Version="1" Minor="2">
    <StratHandle Name="Vivado Implementation Defaults" Flow="Vivado Implementation 2025"/>
    <Step Id="init_design"/>
    <Step Id="opt_design"/>
    <Step Id="power_opt_design"/>
    <Step Id="place_design"/>
    <Step Id="post_place_power_opt_design"/>
    <Step Id="phys_opt_design"/>
    <Step Id="route_design"/>
    <Step Id="post_route_phys_opt_design"/>
    <Step Id="write_bitstream"/>
  </Strategy>
  <BlockFileSet Type="BlockSrcs" Name="UART_Counter_axi_uartlite_0_0"/>
  <BlockFileSet Type="BlockSrcs" Name="UART_Counter_control_logic_0_0"/>
  <BlockFileSet Type="BlockSrcs" Name="UART_Counter_proc_sys_reset_0_0"/>
  <BlockFileSet Type="BlockSrcs" Name="UART_Counter_clk_wiz_0_0"/>
</GenRun>
