<?xml version="1.0" encoding="UTF-8"?>
<GenRun Id="counter_4bit_0_synth_1" LaunchPart="xc7a100tcsg324-1" LaunchTime="1760999846">
  <File Type="REPORTS-TCL" Name="counter_4bit_0_reports.tcl"/>
  <File Type="RDS-UTIL" Name="counter_4bit_0_utilization_synth.rpt"/>
  <File Type="RDS-UTIL-PB" Name="counter_4bit_0_utilization_synth.pb"/>
  <File Type="PA-TCL" Name="counter_4bit_0.tcl"/>
  <File Type="RDS-RDS" Name="counter_4bit_0.vds"/>
  <File Type="RDS-DCP" Name="counter_4bit_0.dcp"/>
  <FileSet Name="sources" Type="BlockSrcs" RelSrcDir="$PSRCDIR/counter_4bit_0" RelGenDir="$PGENDIR/counter_4bit_0">
    <File Path="$PSRCDIR/sources_1/ip/counter_4bit_0/counter_4bit_0.xci">
      <FileInfo>
        <Attr Name="UsedIn" Val="synthesis"/>
        <Attr Name="UsedIn" Val="implementation"/>
        <Attr Name="UsedIn" Val="simulation"/>
      </FileInfo>
    </File>
    <Config>
      <Option Name="TopModule" Val="counter_4bit_0"/>
      <Option Name="UseBlackboxStub" Val="1"/>
    </Config>
  </FileSet>
  <FileSet Name="constrs_in" Type="BlockSrcs" RelSrcDir="$PSRCDIR/counter_4bit_0" RelGenDir="$PGENDIR/counter_4bit_0">
    <File Path="$PSRCDIR/sources_1/ip/counter_4bit_0/counter_4bit_0.xci">
      <FileInfo>
        <Attr Name="UsedIn" Val="synthesis"/>
        <Attr Name="UsedIn" Val="implementation"/>
        <Attr Name="UsedIn" Val="simulation"/>
      </FileInfo>
    </File>
    <Config>
      <Option Name="TopModule" Val="counter_4bit_0"/>
      <Option Name="UseBlackboxStub" Val="1"/>
    </Config>
  </FileSet>
  <FileSet Name="utils" Type="Utils" RelSrcDir="$PSRCDIR/utils_1" RelGenDir="$PGENDIR/utils_1">
    <Filter Type="Utils"/>
    <Config>
      <Option Name="TopAutoSet" Val="TRUE"/>
    </Config>
  </FileSet>
  <Strategy Version="1" Minor="2">
    <StratHandle Name="Vivado Synthesis Defaults" Flow="Vivado Synthesis 2025"/>
    <Step Id="synth_design"/>
  </Strategy>
</GenRun>
