<?xml version="1.0" encoding="UTF-8"?>
<GenRun Id="synth_1" LaunchPart="xc7a100tcsg324-1" LaunchTime="1761233527" LaunchIncrCheckpoint="$PSRCDIR/utils_1/imports/synth_1/fulladder_4bit.dcp">
  <File Type="PA-TCL" Name="fulladder_4bit.tcl"/>
  <File Type="REPORTS-TCL" Name="fulladder_4bit_reports.tcl"/>
  <File Type="RDS-RDS" Name="fulladder_4bit.vds"/>
  <File Type="RDS-PROPCONSTRS" Name="fulladder_4bit_drc_synth.rpt"/>
  <File Type="RDS-UTIL" Name="fulladder_4bit_utilization_synth.rpt"/>
  <File Type="RDS-UTIL-PB" Name="fulladder_4bit_utilization_synth.pb"/>
  <File Type="RDS-DCP" Name="fulladder_4bit.dcp"/>
  <File Type="VDS-TIMINGSUMMARY" Name="fulladder_4bit_timing_summary_synth.rpt"/>
  <File Type="VDS-TIMING-PB" Name="fulladder_4bit_timing_summary_synth.pb"/>
  <FileSet Name="sources" Type="DesignSrcs" RelSrcDir="$PSRCDIR/sources_1" RelGenDir="$PGENDIR/sources_1">
    <Filter Type="Srcs"/>
    <File Path="$PSRCDIR/sources_1/new/fulladder_1bit.vhd">
      <FileInfo>
        <Attr Name="UsedIn" Val="synthesis"/>
        <Attr Name="UsedIn" Val="simulation"/>
      </FileInfo>
    </File>
    <File Path="$PSRCDIR/sources_1/new/fulladder.vhd">
      <FileInfo>
        <Attr Name="UsedIn" Val="synthesis"/>
        <Attr Name="UsedIn" Val="simulation"/>
      </FileInfo>
    </File>
    <File Path="$PSRCDIR/sources_1/bd/fulladder/fulladder.bd">
      <FileInfo>
        <Attr Name="AutoDisabled" Val="1"/>
        <Attr Name="UsedIn" Val="synthesis"/>
        <Attr Name="UsedIn" Val="implementation"/>
        <Attr Name="UsedIn" Val="simulation"/>
      </FileInfo>
    </File>
    <File Path="$PGENDIR/sources_1/bd/fulladder/hdl/fulladder_wrapper.v">
      <FileInfo>
        <Attr Name="AutoDisabled" Val="1"/>
        <Attr Name="UsedIn" Val="synthesis"/>
        <Attr Name="UsedIn" Val="implementation"/>
        <Attr Name="UsedIn" Val="simulation"/>
      </FileInfo>
    </File>
    <File Path="$PPRDIR/component.xml">
      <FileInfo SFType="IPXACT"/>
    </File>
    <File Path="$PSRCDIR/sources_1/bd/fulladder_4bit/fulladder_4bit.bd">
      <FileInfo>
        <Attr Name="AutoDisabled" Val="1"/>
        <Attr Name="UsedIn" Val="synthesis"/>
        <Attr Name="UsedIn" Val="implementation"/>
        <Attr Name="UsedIn" Val="simulation"/>
      </FileInfo>
    </File>
    <Config>
      <Option Name="DesignMode" Val="RTL"/>
      <Option Name="TopModule" Val="fulladder_4bit"/>
    </Config>
  </FileSet>
  <FileSet Name="constrs_in" Type="Constrs" RelSrcDir="$PSRCDIR/constrs_1" RelGenDir="$PGENDIR/constrs_1">
    <Filter Type="Constrs"/>
    <File Path="$PSRCDIR/constrs_1/new/fulladder_ip.xdc">
      <FileInfo>
        <Attr Name="UsedIn" Val="synthesis"/>
        <Attr Name="UsedIn" Val="implementation"/>
      </FileInfo>
    </File>
    <Config>
      <Option Name="ConstrsType" Val="XDC"/>
    </Config>
  </FileSet>
  <FileSet Name="utils" Type="Utils" RelSrcDir="$PSRCDIR/utils_1" RelGenDir="$PGENDIR/utils_1">
    <Filter Type="Utils"/>
    <File Path="$PSRCDIR/utils_1/imports/synth_1/fulladder_4bit.dcp">
      <FileInfo>
        <Attr Name="UsedIn" Val="synthesis"/>
        <Attr Name="UsedIn" Val="implementation"/>
        <Attr Name="UsedInSteps" Val="synth_1"/>
        <Attr Name="AutoDcp" Val="1"/>
      </FileInfo>
    </File>
    <Config>
      <Option Name="TopAutoSet" Val="TRUE"/>
    </Config>
  </FileSet>
  <Strategy Version="1" Minor="2">
    <StratHandle Name="Vivado Synthesis Defaults" Flow="Vivado Synthesis 2025"/>
    <Step Id="synth_design"/>
  </Strategy>
  <BlockFileSet Type="BlockSrcs" Name="fulladder_fulladder_1bit_0_0"/>
  <BlockFileSet Type="BlockSrcs" Name="fulladder_fulladder_1bit_0_1"/>
  <BlockFileSet Type="BlockSrcs" Name="fulladder_fulladder_1bit_0_2"/>
  <BlockFileSet Type="BlockSrcs" Name="fulladder_fulladder_1bit_0_3"/>
</GenRun>
