<?xml version="1.0"?>
<Runs Version="1" Minor="0">
	<Run Id="design_microblaze_microblaze_0_0_synth_1" LaunchDir="D:/Advanced_Hardware_Eng_Team-C/Lab4/Lab4.runs/design_microblaze_microblaze_0_0_synth_1" FlowId="Vivado_Synthesis" FromStepId="vivado" ToStepId="vivado"/>
	<Run Id="design_microblaze_microblaze_0_axi_periph_imp_xbar_0_synth_1" LaunchDir="D:/Advanced_Hardware_Eng_Team-C/Lab4/Lab4.runs/design_microblaze_microblaze_0_axi_periph_imp_xbar_0_synth_1" FlowId="Vivado_Synthesis" FromStepId="vivado" ToStepId="vivado"/>
	<Run Id="design_microblaze_dlmb_bram_if_cntlr_0_synth_1" LaunchDir="D:/Advanced_Hardware_Eng_Team-C/Lab4/Lab4.runs/design_microblaze_dlmb_bram_if_cntlr_0_synth_1" FlowId="Vivado_Synthesis" FromStepId="vivado" ToStepId="vivado"/>
	<Run Id="design_microblaze_lmb_bram_0_synth_1" LaunchDir="D:/Advanced_Hardware_Eng_Team-C/Lab4/Lab4.runs/design_microblaze_lmb_bram_0_synth_1" FlowId="Vivado_Synthesis" FromStepId="vivado" ToStepId="vivado"/>
	<Run Id="design_microblaze_axi_uartlite_0_0_synth_1" LaunchDir="D:/Advanced_Hardware_Eng_Team-C/Lab4/Lab4.runs/design_microblaze_axi_uartlite_0_0_synth_1" FlowId="Vivado_Synthesis" FromStepId="vivado" ToStepId="vivado"/>
	<Run Id="design_microblaze_microblaze_0_axi_intc_0_synth_1" LaunchDir="D:/Advanced_Hardware_Eng_Team-C/Lab4/Lab4.runs/design_microblaze_microblaze_0_axi_intc_0_synth_1" FlowId="Vivado_Synthesis" FromStepId="vivado" ToStepId="vivado"/>
	<Run Id="design_microblaze_dlmb_v10_0_synth_1" LaunchDir="D:/Advanced_Hardware_Eng_Team-C/Lab4/Lab4.runs/design_microblaze_dlmb_v10_0_synth_1" FlowId="Vivado_Synthesis" FromStepId="vivado" ToStepId="vivado"/>
	<Run Id="design_microblaze_mdm_1_0_synth_1" LaunchDir="D:/Advanced_Hardware_Eng_Team-C/Lab4/Lab4.runs/design_microblaze_mdm_1_0_synth_1" FlowId="Vivado_Synthesis" FromStepId="vivado" ToStepId="vivado"/>
	<Run Id="design_microblaze_clk_wiz_1_0_synth_1" LaunchDir="D:/Advanced_Hardware_Eng_Team-C/Lab4/Lab4.runs/design_microblaze_clk_wiz_1_0_synth_1" FlowId="Vivado_Synthesis" FromStepId="vivado" ToStepId="vivado"/>
	<Run Id="design_microblaze_ilmb_bram_if_cntlr_0_synth_1" LaunchDir="D:/Advanced_Hardware_Eng_Team-C/Lab4/Lab4.runs/design_microblaze_ilmb_bram_if_cntlr_0_synth_1" FlowId="Vivado_Synthesis" FromStepId="vivado" ToStepId="vivado"/>
	<Run Id="design_microblaze_rst_clk_wiz_1_100M_0_synth_1" LaunchDir="D:/Advanced_Hardware_Eng_Team-C/Lab4/Lab4.runs/design_microblaze_rst_clk_wiz_1_100M_0_synth_1" FlowId="Vivado_Synthesis" FromStepId="vivado" ToStepId="vivado"/>
	<Run Id="design_microblaze_ilmb_v10_0_synth_1" LaunchDir="D:/Advanced_Hardware_Eng_Team-C/Lab4/Lab4.runs/design_microblaze_ilmb_v10_0_synth_1" FlowId="Vivado_Synthesis" FromStepId="vivado" ToStepId="vivado" IsOrderedIPRun="true">
		<Parent Id="design_microblaze_dlmb_v10_0_synth_1"/>
	</Run>
	<Run Id="design_microblaze_util_vector_logic_0_0_synth_1" LaunchDir="D:/Advanced_Hardware_Eng_Team-C/Lab4/Lab4.runs/design_microblaze_util_vector_logic_0_0_synth_1" FlowId="Vivado_Synthesis" FromStepId="vivado" ToStepId="vivado"/>
	<Run Id="synth_1" LaunchDir="D:/Advanced_Hardware_Eng_Team-C/Lab4/Lab4.runs/synth_1" FlowId="Vivado_Synthesis" FromStepId="vivado" ToStepId="vivado">
		<Parent Id="design_microblaze_microblaze_0_0_synth_1"/>
		<Parent Id="design_microblaze_microblaze_0_axi_periph_imp_xbar_0_synth_1"/>
		<Parent Id="design_microblaze_dlmb_bram_if_cntlr_0_synth_1"/>
		<Parent Id="design_microblaze_lmb_bram_0_synth_1"/>
		<Parent Id="design_microblaze_axi_uartlite_0_0_synth_1"/>
		<Parent Id="design_microblaze_microblaze_0_axi_intc_0_synth_1"/>
		<Parent Id="design_microblaze_dlmb_v10_0_synth_1"/>
		<Parent Id="design_microblaze_mdm_1_0_synth_1"/>
		<Parent Id="design_microblaze_clk_wiz_1_0_synth_1"/>
		<Parent Id="design_microblaze_ilmb_bram_if_cntlr_0_synth_1"/>
		<Parent Id="design_microblaze_rst_clk_wiz_1_100M_0_synth_1"/>
		<Parent Id="design_microblaze_ilmb_v10_0_synth_1"/>
		<Parent Id="design_microblaze_util_vector_logic_0_0_synth_1"/>
	</Run>
	<Parameters>
		<Parameter Name="runs.monitorLSFJobs" Val="true" Type="bool"/>
		<Parameter Name="runs.enableClusterConf" Val="true" Type="bool"/>
		<Parameter Name="general.shortenLongPath" Val="true" Type="bool"/>
	</Parameters>
	<ProductInfo Name="vivado"/>
</Runs>

